Metric,Findpeaks (Integer),Gaussian Fit (Sub-Pixel)
Mean Wavelength,596.0803042953537,596.0801614128351
Standard Deviation,107.56449262965059,107.5644926031552
Min Wavelength,410.30773639331835,410.3075935654111
Max Wavelength,781.8528721973889,781.8527292779413
