Metric,Value
Mean Residual,-2.405728394272444e-12
Standard Deviation,49.396356076926516
Max Residual,297.71718490552524
RMSE,49.396356076926516
R²,0.9993307009646782
