{"order_0": [-8.977049153246102e-05, 0.1828568378977601, 12.911114771764028], "order_1": [-8.977049153246095e-05, 0.18285683789775994, 130.9111147717641], "order_2": [-8.977049153246104e-05, 0.18285683789776006, 248.91111477176415], "order_3": [-8.977049153246119e-05, 0.18285683789776033, 366.91111477176423], "order_4": [-8.977049153246104e-05, 0.18285683789775992, 484.9111147717644], "order_5": [-8.977049153246138e-05, 0.18285683789776044, 602.9111147717643], "order_6": [-8.977049153246142e-05, 0.18285683789776055, 720.9111147717643], "order_7": [-8.977049153246132e-05, 0.1828568378977602, 838.9111147717647], "order_8": [-8.977049153246127e-05, 0.18285683789776033, 956.9111147717648], "order_9": [-8.977049153246122e-05, 0.18285683789775997, 1074.911114771765], "order_10": [-8.977049153246142e-05, 0.1828568378977608, 1192.9111147717642], "order_11": [-8.977049153246211e-05, 0.18285683789776147, 1310.911114771765], "order_12": [-8.977049153246136e-05, 0.18285683789776014, 1428.9111147717647], "order_13": [-8.977049153246142e-05, 0.18285683789776028, 1546.9111147717647], "order_14": [-8.977049153246148e-05, 0.18285683789776033, 1664.9111147717651], "order_15": [-8.977049153246193e-05, 0.18285683789776155, 1782.9111147717642], "order_16": [-8.977049153246205e-05, 0.1828568378977614, 1900.9111147717647]}